velx,vely,velz,posx,posy,posz
-12.980,-143.880,-7.779,-1.001,0.153,0.451
-50.262,113.121,-51.989,3.014,0.157,-0.048
132.938,-57.789,43.054,-1.037,-1.438,-0.109
-109.594,61.248,-58.821,0.633,2.705,-0.167
-80.611,116.939,23.780,2.564,1.646,-0.001
149.985,-201.186,16.347,-4.396,-3.599,-0.281
-148.015,147.731,-45.235,1.856,1.334,0.252
-147.625,160.990,15.062,4.849,4.333,0.018
-37.638,241.669,-4.911,10.117,1.936,0.081
116.637,201.028,1.476,8.387,-5.550,0.416
-140.590,-206.861,12.629,-6.087,5.377,-0.109
-8.510,232.111,5.732,13.541,0.513,0.245
-145.854,40.173,8.093,1.595,3.688,0.037
-169.179,149.566,10.708,3.369,4.251,0.187
143.792,-123.810,25.276,-4.439,-5.567,-0.091
199.481,150.682,18.201,3.380,-4.177,-0.163
32.093,-227.487,30.258,-7.573,-1.045,0.581
-185.964,115.743,11.679,4.161,8.491,0.391
185.990,123.230,67.159,2.699,-3.641,0.340
29.622,181.642,-18.436,2.619,0.684,-0.080
166.514,-188.788,17.903,-9.071,-6.664,0.211
114.884,-23.033,-44.628,-0.367,-3.020,-0.311
77.302,150.413,40.024,2.313,-0.533,-0.075
-179.589,-95.922,35.095,-2.436,4.113,-0.403
114.845,63.572,-9.424,2.939,-2.312,-0.008
-133.513,128.617,-5.251,1.857,1.018,-0.213
-176.146,-143.721,-8.860,-7.239,7.783,0.176
-84.748,89.397,17.396,0.930,0.178,-0.531
73.037,218.305,-3.874,4.878,-2.192,-0.427
155.280,-119.216,-48.806,-3.303,-3.402,0.059
234.577,-114.393,8.427,-3.676,-6.146,0.346
-157.453,-23.604,-78.078,-1.174,1.795,0.048
-9.330,-137.437,-7.962,-0.347,-0.234,-0.093
-135.555,-54.969,3.364,-1.193,3.081,0.070
-161.497,173.430,8.923,6.598,6.689,-0.183
151.479,168.992,10.449,6.697,-5.370,-0.050
-101.701,-209.447,23.997,-5.743,3.090,-0.004
64.851,214.853,9.016,4.766,-1.955,0.388
-147.142,-130.697,54.356,-2.536,1.918,0.142
-206.393,21.385,9.181,0.368,4.264,0.130
-201.922,-19.813,15.152,-0.288,2.235,0.258
81.509,-136.666,33.081,-1.432,-0.848,-0.355
-155.198,114.037,-14.987,2.719,3.903,0.462
-85.479,152.742,2.917,4.843,2.747,-0.017
138.751,-91.524,30.583,-3.387,-3.674,-0.675
105.594,168.724,-9.902,4.456,-2.365,-0.077
-179.315,-144.768,8.716,-5.734,7.226,0.174
-31.436,94.027,92.118,2.866,0.704,-0.015
157.714,-57.013,-6.730,-1.249,-3.395,0.159
-139.895,-175.097,-20.277,-4.866,3.803,-0.145
-203.875,-4.279,-33.274,0.427,3.075,0.019
-155.956,-109.852,75.361,-0.923,0.696,0.317
-21.873,5.502,-56.037,0.543,0.607,0.068
-73.457,177.780,-35.782,6.392,3.376,-0.095
106.977,-228.246,12.704,-5.420,-2.489,-0.408
-72.592,-1.863,122.515,0.122,0.448,0.315
92.877,127.324,-39.660,1.705,-0.439,0.241
191.843,130.738,6.073,7.321,-9.594,0.204
-166.980,8.548,37.063,0.111,1.815,0.035
-121.972,206.208,3.526,7.305,2.477,0.284
-182.526,-88.989,-12.685,-3.073,3.875,-0.209
210.016,21.799,-26.369,0.528,-3.787,0.009
35.572,203.815,-27.871,5.755,-0.229,0.140
180.268,62.971,-41.797,0.968,-2.304,0.103
257.291,97.160,35.300,1.435,-3.599,-0.423
143.781,34.475,50.962,0.969,-2.747,-0.057
67.883,18.844,-64.748,1.193,-1.476,0.017
-63.717,181.581,1.665,3.228,0.545,-0.305
-102.406,-191.773,18.264,-7.161,3.825,0.074
-4.100,199.461,-4.711,5.223,-0.204,-0.109
-198.875,49.578,-59.616,0.178,4.086,-0.003
-191.423,113.155,4.018,2.353,3.787,-0.370
-205.717,-160.426,30.430,-3.184,3.898,0.055
138.933,-55.009,45.571,-0.701,-2.750,0.493
57.392,-222.853,-0.262,-9.914,-3.102,0.113
2.816,219.864,-8.155,14.117,-0.960,0.088
236.699,16.163,-9.796,0.258,-5.647,0.010
151.018,25.941,26.573,0.709,-1.748,0.005
-128.690,-43.132,-55.258,-0.911,2.797,0.085
-161.167,145.391,18.978,2.555,3.488,0.246
-137.753,144.601,-25.368,4.745,4.511,0.127
-154.465,-168.560,-0.299,-5.426,3.981,0.209
-44.682,239.598,-8.258,7.075,0.634,-0.260
-176.236,-139.229,-1.127,-1.837,2.939,-0.074
-70.049,-192.077,-30.753,-1.856,1.852,0.064
226.602,129.675,-18.771,1.496,-3.191,0.025
-6.965,228.322,30.783,5.061,0.558,-0.400
221.666,67.775,42.746,1.234,-3.389,-0.031
-158.309,170.499,2.701,4.436,4.034,-0.331
-66.103,215.093,-17.217,6.650,1.724,-0.342
1.201,212.243,11.028,11.415,-0.470,0.210
-89.951,-199.957,-55.787,-2.594,1.150,-0.053
131.259,-137.676,-6.994,-4.039,-2.672,0.237
56.214,112.981,25.433,2.748,-1.006,0.190
-63.572,-246.227,-32.375,-4.381,1.074,0.154
-216.866,13.751,-5.431,0.707,11.292,0.281
-219.732,-90.954,-1.757,-1.681,4.456,0.180
5.166,-221.285,28.191,-8.174,0.234,-0.305
-197.966,108.694,-7.377,6.183,11.062,-0.248
-83.001,-219.697,4.061,-14.589,5.217,-0.097
-214.989,-15.301,1.376,0.477,6.752,-0.289
-122.514,-137.911,39.635,-3.766,2.547,-0.311
-216.471,86.076,-3.566,6.188,14.786,0.172
-56.889,-36.904,15.255,-0.857,1.930,0.370
-64.709,-240.338,-15.151,-8.920,2.516,-0.053
-105.399,232.439,4.952,6.881,3.076,-0.211
167.256,145.507,-17.097,3.179,-4.695,-0.277
-183.896,50.681,25.347,2.174,5.492,0.235
59.042,-121.305,-58.162,-1.956,-1.071,-0.168
221.352,-91.770,25.258,-0.563,-2.291,-0.016
-74.281,-188.119,6.384,-10.777,4.632,0.004
188.110,45.883,-5.203,1.990,-3.360,0.491
-172.082,100.805,11.606,2.545,4.123,-0.086
-105.104,148.139,31.910,4.749,2.993,0.119
134.029,-172.922,12.808,-8.438,-5.663,-0.228
-127.548,208.457,26.922,7.576,4.200,-0.235
-171.322,125.787,16.278,1.911,2.515,-0.606
154.376,-179.894,-22.185,-3.782,-2.718,-0.159
203.550,-104.125,-6.709,-4.424,-9.312,0.051
-102.165,3.286,3.300,-0.807,1.317,0.350
-25.194,-148.199,-56.954,-1.923,-0.306,0.265
-109.057,-67.826,18.056,-0.637,0.773,0.223
-63.580,172.517,9.994,1.793,0.795,0.110
153.507,-2.153,33.795,-0.299,-2.029,-0.085
-31.460,120.164,-3.929,4.709,1.756,0.044
-74.063,184.764,6.307,4.921,1.345,-0.199
8.942,-39.550,39.047,-0.710,1.105,0.126
157.738,-115.698,-28.218,-4.549,-4.935,0.223
-195.109,-89.735,-10.187,-1.716,5.013,-0.176
-12.789,-183.796,-8.996,-1.524,0.315,0.287
-195.710,-18.841,29.047,0.728,6.986,-0.425
-163.648,-79.487,-7.871,-2.173,3.681,0.020
50.429,46.647,4.489,1.735,-1.515,0.195
70.983,-205.444,30.503,-6.729,-3.559,0.005
-241.443,-6.498,-0.034,0.257,9.311,0.167
-238.087,-22.868,-51.552,0.284,4.146,-0.072
-82.510,153.320,21.974,2.823,1.600,-0.055
-124.401,201.646,43.925,1.541,0.674,-0.138
-112.373,164.543,23.976,5.024,3.466,-0.262
-144.487,-154.355,-2.069,-6.021,4.138,0.211
156.096,-95.982,-31.846,-0.746,-1.412,-0.086
-127.236,234.075,8.484,6.965,3.345,0.304
-224.757,-24.273,-0.244,-1.763,10.176,0.123
-155.246,137.896,-29.196,5.200,6.346,0.009
1.421,237.753,-0.713,10.180,-0.538,-0.008
225.691,12.186,1.206,0.990,-6.123,-0.581
3.728,-77.033,32.716,-1.676,-1.250,0.024
153.808,-172.310,-21.939,-1.312,-1.746,-0.294
-116.222,105.958,-19.595,2.114,0.956,0.279
124.223,-137.950,-14.248,-6.735,-5.277,-0.417
-50.910,-232.035,-52.032,-4.231,0.888,0.084
96.090,75.391,18.603,1.800,-1.101,0.029
65.872,-51.188,-12.648,-0.545,-0.802,0.060
-20.437,45.472,21.121,1.435,-0.289,-0.497
-163.878,-162.575,-28.411,-4.147,3.695,0.017
-26.439,236.188,-12.012,10.018,0.419,-0.018
-163.785,-148.447,-25.399,-5.343,6.726,0.078
-174.407,-121.845,3.304,-6.041,8.223,0.045
-99.136,-189.455,-0.105,-7.908,5.057,-0.001
223.063,-96.045,-40.236,-2.782,-4.758,-0.191
148.482,-168.745,-20.570,-4.323,-4.365,-0.664
103.772,175.664,51.281,1.523,-1.696,-0.222
-135.467,-150.078,-1.800,-3.565,3.979,-0.110
72.036,132.902,-17.380,2.118,-0.004,-0.265
-119.460,33.276,45.859,-0.163,1.660,-0.147
68.157,-170.302,-3.306,-3.927,-2.236,-0.117
-85.894,-124.146,-9.685,-2.467,1.824,0.079
91.597,75.161,12.843,1.678,-0.936,0.115
-128.276,1.566,-42.681,-1.431,0.865,0.063
-8.929,-178.451,-23.238,-2.518,0.958,-0.203
-219.060,-14.277,11.414,-0.281,6.975,-0.310
112.548,-100.069,-38.437,-2.077,-2.114,-0.118
215.739,14.922,5.677,0.096,-6.809,0.019
-220.359,59.623,-3.512,3.735,12.994,0.130
-23.133,238.147,-2.240,9.626,0.290,-0.099
108.546,88.028,57.748,0.470,-0.838,0.044
-153.008,151.068,-4.778,7.227,5.720,0.311
120.498,170.419,-12.900,7.136,-4.488,-0.037
-49.255,-44.076,23.616,0.090,0.543,-0.007
63.581,184.307,53.228,2.228,-0.047,0.382
-179.590,99.651,-43.512,4.086,5.707,0.054
150.271,136.800,2.145,4.369,-5.084,-0.233
-176.778,11.051,-8.116,0.212,5.285,-0.359
2.164,233.371,1.692,15.227,-0.315,0.193
225.754,-17.752,6.552,-1.935,-11.022,-0.078
-16.754,33.788,41.136,0.218,0.009,-0.168
116.728,-79.240,55.167,-0.434,-1.731,0.315
-157.409,-131.920,-31.998,-1.424,1.608,0.347
-193.744,-119.009,-32.882,-1.755,2.761,0.276
-229.212,-27.187,-7.192,-0.512,11.363,-0.070
-133.145,-165.869,12.900,-5.993,4.199,-0.063
-152.768,165.259,-6.000,15.765,14.497,0.649
-187.719,-10.563,-31.100,0.436,1.661,0.044
-114.932,-124.475,36.345,-1.188,0.433,-0.198
-103.541,96.598,25.243,1.879,1.907,0.047
175.121,152.186,10.004,8.200,-10.355,-0.097
-99.941,-236.287,7.103,-4.780,1.817,-0.177
-182.189,-131.038,-12.860,-3.330,4.201,-0.064
184.916,-68.048,25.236,0.506,-2.006,0.131
-73.476,136.130,-6.278,1.227,1.265,0.027
-248.686,53.011,5.925,2.193,8.706,-0.054
-169.572,-19.118,26.716,0.271,3.141,0.006
-227.992,-0.720,3.850,0.206,13.828,-0.068
109.358,150.996,-8.303,2.717,-1.029,0.243
-93.924,93.052,-5.889,0.780,1.712,0.210
-50.423,206.116,6.539,6.330,1.669,0.120
120.518,138.285,17.137,4.261,-3.060,-0.347
188.331,-33.507,39.551,-0.440,-4.529,-0.063
134.643,192.976,-1.641,13.076,-9.472,0.035
-196.902,-164.158,7.828,-5.409,5.715,-0.142
107.975,205.896,4.133,7.708,-3.469,0.007
-49.371,-174.962,-47.095,-2.958,1.285,-0.160
208.219,53.021,-15.246,1.681,-5.469,-0.004
-62.011,-237.811,-3.432,-12.346,3.394,0.178
-149.066,-202.980,1.779,-4.624,4.270,-0.001
87.481,-48.161,-22.104,-1.981,-1.950,-0.226
80.197,82.804,69.911,0.998,-1.086,-0.150
49.897,-209.147,-20.842,-6.551,-0.840,0.371
81.425,218.419,14.990,11.563,-3.738,-0.070
-138.004,-33.427,-21.398,-2.716,4.673,0.692
-237.291,-11.308,-3.051,-0.664,8.198,0.099
116.096,177.201,-10.360,4.035,-3.300,0.227
109.952,-204.317,-24.500,-8.707,-4.439,0.171
112.330,23.096,83.773,-0.394,-0.971,-0.116
-47.661,98.223,-29.265,0.736,0.773,0.158
-24.183,196.138,10.832,6.092,0.497,-0.893
135.770,83.452,14.838,1.712,-2.625,-0.096
64.310,64.574,22.207,1.019,-2.108,0.033
-58.638,-245.941,-36.067,-7.982,3.083,-0.222
208.299,20.174,6.662,1.649,-5.882,0.124
-105.988,-189.695,-4.022,-14.357,7.119,-0.005
-180.597,-8.152,-8.267,-0.636,4.765,-0.135
-81.416,197.561,-15.956,5.506,3.196,-0.090
-219.692,-17.399,2.005,-0.063,8.328,0.255
63.174,165.251,24.824,4.616,-1.654,0.531
101.304,114.471,42.405,2.645,-2.492,-0.089
31.140,23.047,-19.955,-0.145,0.013,0.125
208.428,-15.506,-4.472,-0.958,-3.753,-0.226
-234.474,27.108,7.214,2.377,6.095,-0.203
-227.121,18.172,0.223,0.791,6.937,0.291
4.954,-64.186,-100.021,-1.302,-0.263,-0.507
32.712,249.148,-28.689,5.039,-0.570,-0.384
-126.348,-68.366,-39.225,0.693,2.351,0.557
112.371,77.641,-8.614,0.835,-0.683,-0.174
236.938,60.260,-9.140,0.289,-4.327,0.043
161.803,-186.050,-20.875,-3.759,-4.291,-0.589
123.509,-202.418,-9.731,-10.177,-6.262,0.145
168.047,-157.619,-9.428,-7.025,-5.171,0.062
-45.937,-232.699,5.019,-8.239,2.127,0.016
-157.996,-46.479,-27.476,0.008,2.406,0.184
118.474,-191.084,-5.353,-19.444,-12.242,-0.658
27.415,-207.578,-19.314,-2.626,-0.495,-0.103
160.343,188.472,6.948,5.763,-4.975,-0.158
95.029,-207.889,45.368,-7.082,-3.428,-0.216
88.725,135.937,14.947,2.032,-1.195,0.518
-241.507,-54.878,7.881,-1.645,9.089,-0.191
116.533,53.458,-9.895,0.642,-1.841,-0.139
-210.109,106.799,57.234,1.601,2.247,-0.191
-62.728,-170.635,-58.472,-4.612,1.721,-0.081
-163.994,123.992,-5.239,4.769,4.603,0.198
-128.137,226.268,9.972,6.964,4.212,-0.218
-60.479,-231.614,-8.445,-9.970,2.595,0.381
24.860,177.997,53.465,3.545,-0.255,-0.054
139.238,91.014,-17.201,0.298,-1.660,0.536
-56.276,-228.115,5.534,-13.408,2.629,0.312
232.563,111.565,-14.818,2.395,-6.439,0.073
-66.097,-248.295,10.809,-8.881,2.425,0.012
-235.100,-14.515,5.616,1.135,4.999,-0.068
-15.871,146.646,-54.562,1.195,-0.124,-0.206
2.651,-158.004,53.448,-2.091,-0.279,-0.239
-158.059,152.286,-22.411,3.161,3.843,-0.032
-107.226,-182.421,-9.344,-3.998,2.773,-0.372
23.405,193.995,-8.324,5.313,0.192,-0.074
-141.878,90.469,-33.739,1.549,3.295,0.080
60.248,81.723,28.634,0.132,-0.432,0.137
-212.206,-72.601,-5.827,-2.467,7.739,0.065
138.797,125.876,3.201,6.144,-6.451,0.152
-90.369,-115.494,-24.512,-1.734,1.439,-0.036
47.961,-106.431,-22.078,-0.639,-0.164,0.019
-192.615,148.888,0.435,5.034,6.130,0.299
146.869,89.021,24.070,2.332,-4.252,0.007
-143.462,-88.424,0.359,-3.882,3.744,0.301
-218.973,60.324,-5.787,3.328,12.423,0.133
109.361,1.154,-18.536,0.546,0.224,0.355
203.432,-30.141,-22.356,-1.031,-7.157,0.153
-46.557,91.221,-21.242,0.703,0.747,0.002
-140.492,-87.534,-55.532,-0.930,2.170,-0.001
-49.445,172.970,-12.099,3.903,1.327,-0.218
130.796,214.159,26.671,3.607,-1.333,0.109
30.076,-216.324,11.973,-7.562,-1.129,-0.448
-153.186,-96.961,14.276,-2.319,4.376,0.372
-156.581,-28.085,-46.589,-0.548,3.810,-0.188
-112.001,102.651,69.253,-0.071,2.139,-0.197
227.864,96.240,4.531,1.939,-4.561,-0.127
-11.481,130.002,16.716,0.847,0.435,0.037
221.568,-61.961,-17.002,-1.492,-8.130,0.099
-192.442,-52.799,-24.719,-1.022,3.171,-0.069
-169.116,79.293,-42.143,0.549,2.899,0.193
-211.398,-67.823,-7.669,-1.788,6.644,-0.051
-198.307,9.482,-8.214,0.007,7.439,0.260
115.846,-175.648,-14.664,-1.359,-1.497,-0.276
7.578,84.712,66.609,0.438,0.364,0.694
51.491,-121.538,3.022,-1.239,-0.342,-0.196
193.286,-45.100,-4.649,-0.700,-3.656,-0.184
60.993,78.569,-83.290,0.845,-0.596,-0.290
-222.880,-20.775,15.290,0.236,5.406,0.381
-220.977,-94.800,-12.748,-2.436,7.241,0.033
-224.418,45.983,24.874,0.795,7.438,-0.043
-16.515,-214.868,-4.991,-4.011,0.734,-0.355
-148.215,-105.736,47.339,-2.816,3.807,0.105
74.683,-157.277,11.234,-2.914,-1.265,0.081
49.196,-50.632,12.680,0.205,-0.471,-0.017
201.142,-19.201,24.999,-0.331,-6.752,0.328
39.434,-136.893,108.077,-2.071,-0.096,-0.080
247.633,-50.813,-5.567,-3.018,-10.602,0.150
-133.815,182.596,-8.964,5.413,5.028,-0.547
206.019,-9.036,-32.954,-0.338,-6.058,0.116
-45.902,-250.464,-40.007,-6.083,0.727,0.059
-30.447,35.960,30.991,0.312,0.435,0.293
180.929,-130.340,-12.549,-4.641,-6.638,-0.121
-125.015,-161.739,26.865,-2.796,2.826,0.138
-146.417,126.764,18.820,3.190,3.134,0.227
67.417,102.710,-58.922,1.854,-1.459,-0.250
167.863,32.748,29.831,0.153,-2.293,0.170
184.485,-127.636,20.638,-2.796,-4.285,0.211
162.401,164.816,-5.356,7.455,-7.859,-0.351
187.683,-130.515,-10.972,-1.391,-3.935,-0.078
-165.409,-63.214,31.399,-1.270,1.937,-0.270
-58.974,-112.750,-72.050,-0.866,1.411,-0.064
-105.508,-192.451,11.011,-1.091,0.635,-0.201
-127.587,98.727,-21.307,0.600,0.640,-0.175
-159.621,96.255,25.158,0.574,4.370,-0.137
10.090,-125.697,9.368,-2.154,0.090,-0.212
64.231,-186.978,-17.059,-2.389,-1.406,-0.218
159.998,86.680,-53.792,1.499,-1.135,-0.259
-190.174,-23.642,-28.443,-0.808,5.538,0.628
-160.371,64.941,-40.958,1.372,2.359,0.063
-74.705,71.969,-3.614,1.182,2.033,0.131
66.042,-207.545,0.164,-4.825,-1.886,-0.247
144.176,156.735,18.893,5.026,-4.152,-0.109
-63.514,-134.971,41.097,-2.287,0.914,0.091
-130.071,-191.170,7.238,-6.369,2.753,0.169
73.320,-132.709,-13.694,-2.680,-1.855,-0.363
3.616,-67.591,12.295,-0.280,0.529,0.283
-165.153,-136.535,-4.481,-3.516,3.171,0.117
9.064,71.864,-29.446,1.181,0.187,-0.057
113.645,91.278,47.489,0.290,-1.352,0.096
103.236,-199.051,-5.730,-15.294,-7.498,-0.100
208.784,77.690,-17.148,1.065,-4.041,-0.307
114.428,194.675,-15.441,1.671,-1.354,0.214
-181.110,8.486,-34.636,0.553,3.524,-0.161
192.224,-97.170,12.281,-4.573,-10.220,-0.027
122.285,-92.789,-36.457,-1.477,-1.484,-0.126
210.845,75.546,4.320,5.483,-15.105,-0.074
-212.218,-75.802,7.385,-4.860,12.695,0.121
110.440,178.760,36.846,4.133,-3.536,-0.186
181.425,116.003,-3.932,4.713,-7.258,-0.681
-105.215,194.226,-15.677,6.154,3.449,0.229
163.914,-96.778,38.640,-2.057,-2.931,0.081
19.631,-96.441,66.018,-1.184,-0.459,0.197
-68.290,118.962,54.423,2.389,1.429,0.029
-64.599,-74.720,9.682,-1.603,1.811,-0.188
182.543,-12.059,-70.785,-0.171,-1.828,0.010
175.411,-37.358,-17.184,-0.347,-4.695,-0.815
7.858,-1.133,-32.827,0.269,0.374,-0.171
14.882,-235.491,41.831,-3.659,-0.461,-0.045
114.396,150.256,66.497,2.640,-2.490,0.069
-212.149,-3.478,2.144,-0.824,5.511,0.121
185.652,-139.799,6.070,-7.961,-10.085,-0.075
232.111,10.762,-43.437,-0.057,-3.440,0.047
52.007,-4.901,60.118,-0.547,-1.324,0.061
-267.253,90.095,35.465,1.656,5.177,0.112
92.046,239.417,0.668,6.267,-3.032,0.017
-77.091,-108.726,49.403,-2.361,0.538,0.278
213.008,-50.887,-6.823,-2.830,-10.267,-0.105
144.992,-182.316,12.355,-10.006,-8.323,0.201
214.791,-63.984,3.294,-2.632,-8.300,0.065
223.740,-80.029,-10.836,-2.040,-7.846,-0.031
148.795,165.215,-12.104,2.742,-3.833,0.456
-105.753,89.942,-6.418,2.311,2.368,0.216
-171.822,143.050,-22.186,4.095,4.015,0.299
236.525,-11.286,11.280,-1.513,-13.373,-0.060
163.045,181.397,6.955,4.263,-5.085,-0.032
72.519,-92.128,-42.450,-2.147,-1.424,-0.443
211.877,-49.690,-20.582,0.479,-3.562,0.004
84.294,90.119,13.077,2.345,-1.304,0.791
62.144,-9.572,-1.401,-0.083,-0.664,0.312
-104.550,198.283,6.172,17.884,9.505,0.394
147.330,164.371,21.001,4.048,-3.596,0.689
-144.096,-100.779,-1.854,-1.106,1.626,-0.306
52.201,212.969,-0.337,31.906,-8.082,0.112
204.516,106.036,-7.900,4.320,-7.876,0.032
-126.624,205.176,-30.281,5.010,2.376,-0.005
-89.483,-218.608,-10.434,-12.619,4.989,-0.181
47.230,-181.643,12.538,-3.651,-0.374,-0.035
172.887,69.149,-32.689,0.470,-3.548,0.388
216.996,34.898,20.853,1.232,-9.059,-0.127
206.777,-25.859,-32.663,-0.267,-2.202,-0.102
158.319,-177.927,-12.322,-3.070,-2.168,0.319
-221.081,25.020,-16.112,0.345,4.308,0.324
-1.961,190.812,-17.359,4.203,-0.358,-0.187
-124.280,-160.967,-21.229,-3.781,2.832,-0.196
-132.477,-59.486,-41.101,-1.009,1.128,0.321
-232.778,2.591,-21.767,-0.189,5.186,-0.027
-257.316,26.188,9.717,-0.131,8.098,-0.200
-144.446,202.797,14.303,5.331,3.170,0.396
61.902,227.658,5.230,11.079,-3.258,0.008
-10.440,-228.082,4.169,-7.385,-0.531,0.199
-219.053,-84.221,-7.326,-2.436,3.525,-0.327
-174.350,-116.438,7.551,-1.853,3.492,0.098
-207.362,32.563,-28.151,1.643,6.541,-0.490
-155.574,186.177,18.909,6.728,4.684,-0.205
-187.024,152.866,7.338,4.104,5.455,-0.243
-205.826,111.581,-56.923,2.105,4.070,0.655
-119.645,74.891,16.157,0.999,2.621,0.123
-155.248,147.083,-34.722,3.672,3.705,0.123
0.062,78.636,-45.509,3.130,1.385,0.320
86.252,200.930,-40.230,8.201,-3.761,-0.182
-131.443,178.031,-29.110,8.871,7.401,-0.190
-0.987,-163.773,-6.871,-2.686,-1.015,-0.002
-227.220,-17.277,10.602,0.998,2.030,-0.033
16.683,111.877,23.054,2.353,-0.834,0.381
51.152,-156.832,-5.819,-2.584,-0.745,-0.085
206.744,36.560,15.953,1.379,-4.001,-0.145
195.618,-81.094,27.286,-3.360,-4.183,0.327
93.564,-210.802,-12.125,-10.699,-4.040,0.083
-220.874,-27.722,-4.025,-1.261,9.670,-0.585
73.073,-129.116,-13.596,-2.936,-0.363,-0.290
-52.644,-11.475,-12.448,-0.395,-0.216,0.137
66.179,-139.632,17.830,-1.616,-2.022,-0.034
173.596,-69.424,-15.470,-1.039,-3.895,0.144
-220.859,25.561,2.506,2.233,18.117,0.173
-13.634,-232.389,2.621,-15.749,0.930,0.023
-202.710,96.253,-12.827,2.804,7.048,-0.253
37.550,-220.810,-18.894,-5.565,-1.299,-0.131
-15.108,-160.414,60.577,-1.962,0.145,-0.071
-145.358,-118.817,28.495,-4.266,5.296,-0.266
30.127,21.955,22.066,1.041,0.050,-0.191
-151.599,-173.361,23.953,-3.106,3.087,0.444
-155.286,-90.839,0.407,-1.538,2.432,-0.039
-40.398,-225.792,24.080,-6.235,2.469,0.075
-211.772,27.080,-27.827,0.386,6.701,-0.763
-164.451,158.193,6.424,12.341,12.419,-0.351
221.061,78.067,-1.506,4.421,-11.270,0.072
-31.093,119.729,14.907,2.882,1.424,0.397
-221.058,-35.782,-15.573,-1.943,8.825,0.167
108.418,-17.335,-24.333,-0.398,-0.922,-0.286
26.974,-104.889,-40.438,-0.922,-0.245,-0.241
-52.475,157.677,-82.880,1.915,-1.006,0.310
-76.125,-94.922,-40.640,-0.468,1.193,0.210
109.305,187.524,-25.870,6.445,-3.397,0.061
222.154,-123.757,24.608,-2.604,-5.925,0.055
114.801,201.456,8.878,8.192,-4.655,0.242
184.830,60.761,38.905,1.316,-3.063,0.401
-4.927,-140.525,-29.506,-1.596,0.028,0.229
230.588,56.954,21.696,1.130,-7.498,-0.016
52.592,-155.081,23.440,-1.862,-0.298,-0.419
-189.398,121.539,-37.987,4.415,4.223,0.695
7.896,-215.920,1.429,-6.228,-1.210,-0.013
-160.854,-5.525,-21.306,-0.330,3.216,-0.098
135.161,109.847,20.878,1.721,-1.820,0.298
-20.912,-127.013,42.856,-1.345,0.278,-0.237
-219.210,15.432,-1.725,-0.050,4.654,-0.411
82.222,137.459,28.130,3.116,-2.044,-0.170
162.045,-54.258,63.043,-0.723,-3.222,-0.049
-92.550,-116.374,0.670,-2.060,1.967,0.128
0.303,190.562,-10.951,4.356,0.347,0.059
142.077,86.064,-185.694,0.353,-0.216,-0.081
150.980,-170.988,-2.954,-8.665,-7.242,-0.513
45.712,224.223,1.262,4.507,-0.857,-0.057
58.937,52.540,55.743,-0.203,-0.129,0.132
64.860,32.634,-71.354,-0.004,-0.001,0.059
-43.181,212.783,-12.817,6.459,1.644,-0.044
141.355,-168.693,5.916,-3.174,-1.714,0.022
97.141,176.310,-14.426,3.558,-1.106,0.213
-173.241,149.965,9.810,10.645,11.020,-0.326
-206.611,32.066,-1.337,1.953,8.878,0.147
-140.671,210.181,-36.807,2.368,1.661,-0.028
177.853,-176.510,-6.994,-4.548,-4.431,-0.068
-149.685,172.640,-19.781,5.842,5.581,0.402
47.443,-178.404,3.611,-5.659,-1.771,0.198
-44.404,-49.807,-115.425,-0.285,1.633,0.268
-154.862,-153.662,-10.509,-5.455,6.106,0.220
-101.107,-44.594,25.334,-0.886,3.068,-0.085
-114.064,-212.466,3.644,-6.335,2.235,-0.037
36.831,-204.925,15.407,-4.611,-0.484,0.051
195.832,-92.392,-25.529,-4.826,-7.172,0.225
173.706,165.304,11.188,4.893,-5.823,-0.715
-15.957,74.375,-47.062,0.142,0.210,-0.210
89.246,213.822,9.902,13.647,-4.900,0.122
174.387,-126.977,-26.710,-2.746,-3.516,-0.143
-135.397,-171.157,11.739,-7.100,4.540,-0.097
-94.113,115.961,-18.680,3.314,1.987,-0.010
-56.755,150.346,-31.771,3.016,0.931,-0.046
145.014,-106.567,-18.597,-2.549,-2.901,-0.203
224.812,-59.255,-5.159,-2.132,-11.450,0.346
-140.151,95.372,-52.486,1.708,2.713,0.096
0.691,-208.377,-26.207,-5.530,0.677,0.346
-18.237,45.161,-87.435,-0.839,0.686,-0.162
77.142,-64.374,-22.524,-1.256,-0.948,-0.619
0.168,-226.278,7.697,-7.686,0.440,-0.293
-82.156,-85.847,-7.409,-1.347,0.650,-0.046
-5.414,112.334,-52.818,2.877,1.274,0.150
-128.383,-206.750,29.720,-5.371,2.661,0.283
-157.479,-27.854,-35.688,-1.651,3.346,0.432
198.671,-66.028,-13.959,-2.141,-4.664,0.337
112.961,162.313,-3.984,2.326,-1.038,-0.133
-29.090,-23.799,33.394,-0.198,-0.277,0.076
146.809,-182.733,-6.107,-4.489,-3.363,-0.252
206.563,-26.889,28.869,-0.408,-5.378,-0.044
2.447,196.066,22.523,3.731,0.384,0.016
-59.793,227.381,-0.174,10.341,2.918,-0.380
205.737,-148.524,31.854,-4.170,-4.844,-0.140
38.264,224.181,-104.411,1.782,-0.106,0.126
-67.258,155.153,-41.989,1.316,-0.119,-0.034
163.607,-164.873,-7.379,-2.643,-3.115,0.308
72.221,192.330,-0.301,3.735,-1.692,0.136
-68.436,-20.967,-27.616,-0.842,0.329,-0.206
-26.985,70.915,13.006,0.862,0.672,0.092
117.068,79.503,18.176,1.331,-2.945,0.121
78.997,-214.571,3.517,-2.746,-2.018,0.547
103.742,-141.044,68.944,-2.608,-1.482,-0.204
-128.036,192.669,41.113,2.790,1.330,0.222
76.928,-200.969,8.575,-10.857,-4.108,0.084
-83.405,209.018,-22.193,6.422,2.108,0.005
-118.769,-201.588,12.771,-6.393,2.589,-0.275
23.559,-36.660,-58.595,-0.569,-0.066,-0.480
65.298,244.428,-5.835,6.834,-1.506,-0.451
235.653,37.159,-3.904,1.237,-8.540,-0.090
-92.545,-185.747,-7.439,-4.094,1.701,0.126
104.077,-24.903,-69.227,0.346,-1.078,-0.126
-37.218,-149.001,41.319,-1.875,0.421,0.303
173.649,144.697,6.064,6.620,-7.308,0.079
134.090,71.064,-31.840,-0.011,-3.520,0.105
-240.432,12.772,7.939,0.881,11.748,-0.059
-102.877,-69.375,-44.504,-0.253,1.951,-0.121
118.236,1.889,26.595,-0.171,-3.002,0.010
-1.656,-229.133,3.818,-6.130,0.098,0.165
-103.986,180.609,15.939,3.991,4.034,0.155
-108.768,185.717,-20.970,4.059,2.405,-0.518
-45.712,-97.788,3.407,-1.080,0.921,-0.442
227.947,-66.130,10.738,-3.886,-12.131,0.222
241.905,7.550,8.794,0.090,-8.932,-0.080
-84.015,74.026,22.193,0.723,0.907,-0.247
68.301,219.551,7.608,1.137,-0.635,0.047
232.940,95.831,10.247,1.734,-5.816,-0.332
-218.434,103.848,20.433,3.503,5.566,0.212
211.378,-29.670,-6.861,-0.035,-3.849,0.071
-187.467,-26.557,-12.530,0.449,2.925,0.072
204.812,-96.292,-2.821,-5.972,-13.065,-0.191
-49.060,-81.740,-49.808,-0.674,1.614,-0.045
-242.446,-39.289,34.651,-0.628,6.590,-0.457
92.747,151.775,-7.023,2.834,-1.537,0.147
47.300,95.622,24.620,0.627,-0.649,0.001
239.947,22.876,19.307,0.666,-5.676,0.386
-139.519,43.972,-1.920,-0.484,2.676,0.143
-17.986,190.774,-65.403,3.800,0.592,-0.060
148.781,167.311,-1.636,9.157,-7.340,-0.100
147.667,168.327,-4.351,4.789,-5.203,-0.150
17.447,82.777,-0.197,0.882,0.371,0.090
-1.624,241.024,-6.922,11.120,0.270,-0.048
-218.563,83.678,4.096,3.339,7.286,-0.057
-86.760,159.650,17.621,2.732,2.192,0.296
126.669,-83.447,-10.781,-0.783,-1.252,0.420
-218.186,121.743,-37.280,0.948,2.850,-0.367
226.178,-5.094,-5.983,-0.863,-6.933,0.036
100.321,-121.773,-10.246,-1.291,-2.106,0.006
182.584,71.680,32.148,2.777,-5.046,0.076
9.206,193.870,47.878,0.488,-0.162,0.095
-103.125,207.736,8.197,6.531,3.701,0.329
116.650,78.217,-2.303,0.360,-1.779,-0.117
90.528,-206.421,-15.848,-6.668,-3.439,-0.023
204.655,-90.653,2.937,-4.004,-8.910,-0.070
152.993,182.679,-10.946,11.130,-8.622,0.822
-138.023,-105.337,-12.004,-2.584,3.836,0.413
234.257,4.342,-6.252,0.079,-6.491,-0.134
-153.163,73.460,34.365,0.966,3.104,0.196
-188.655,-83.255,-17.759,-2.300,6.877,0.277
-77.359,255.060,-3.448,7.619,2.354,0.207
-85.272,213.893,-2.776,13.710,5.666,0.197
-199.908,-10.891,16.328,-0.590,5.562,0.234
-109.040,-184.210,4.978,-8.824,4.339,-0.194
17.899,-248.038,-15.668,-8.244,-1.656,-0.135
236.477,-55.101,-0.324,-2.018,-8.877,0.234
82.422,-223.963,-0.367,-8.912,-2.882,0.161
193.408,33.323,43.989,0.362,-3.208,0.029
157.349,26.257,-52.845,0.415,-3.492,-0.288
38.441,-224.484,-29.760,-4.132,-0.892,-0.347
-66.884,226.147,37.298,4.731,1.793,0.516
-16.696,-223.746,23.167,-5.625,-0.124,0.143
100.588,188.476,20.313,5.650,-3.608,-0.089
0.343,-233.967,-0.109,-6.929,0.532,0.110
220.749,-25.650,-1.664,-2.977,-26.095,-0.265
-152.157,121.696,-43.493,2.272,3.024,-0.063
52.756,-170.251,-5.800,-3.731,-1.461,-0.029
73.207,18.020,67.594,0.042,-0.332,-0.320
81.218,-193.834,-5.188,-4.161,-1.033,0.262
-146.670,163.053,-43.354,1.859,1.898,-0.211
-87.141,17.529,12.906,-1.840,1.594,0.237
-19.639,-93.426,48.229,-1.902,0.194,-0.152
-114.873,-197.289,-3.300,-16.879,9.384,0.298
97.214,-125.642,3.663,-3.321,-2.464,-0.141
-96.226,203.165,1.395,20.322,9.623,-0.009
194.046,-22.593,-32.519,0.541,-3.247,0.278
-75.399,234.882,-31.923,2.425,0.316,-0.575
211.198,99.256,-21.558,4.219,-5.094,0.124
-13.408,-223.882,-7.875,-11.318,0.922,-0.076
130.584,197.464,-5.432,9.487,-6.153,0.200
33.784,-173.427,18.359,-3.645,-1.028,0.123
102.063,-73.440,-60.922,-1.638,-3.023,-0.114
-231.407,-58.945,12.125,-2.774,8.200,-0.311
143.249,-139.188,71.993,-2.256,-2.951,0.136
175.388,50.894,7.591,0.276,-2.555,-0.265
-202.781,115.864,-16.489,3.237,6.304,-0.106
-27.427,11.694,14.006,0.792,0.697,0.052
13.093,166.253,-19.240,3.268,-0.942,0.173
12.886,-269.560,15.254,-5.080,0.428,0.025
-132.595,-4.184,54.155,0.904,1.755,0.124
-218.370,-92.797,4.618,-4.451,11.176,0.310
-215.334,32.845,-0.639,1.906,12.100,-0.347
159.537,154.806,-13.555,3.685,-3.760,-0.376
159.579,44.502,-21.680,1.037,-2.166,0.395
129.585,65.798,32.236,0.814,-1.336,-0.180
55.708,188.623,-9.269,4.034,-2.419,-0.546
195.040,61.835,-11.153,1.759,-7.668,-0.313
-83.758,-215.811,6.332,-12.412,4.994,-0.675
-28.692,155.120,-51.295,2.425,0.219,-0.038
170.350,27.334,72.217,-0.246,-2.176,0.024
26.523,251.051,-30.716,3.410,-0.222,0.009
83.650,90.926,53.882,1.388,-1.401,-0.024
67.895,150.796,-55.379,2.188,0.163,0.107
125.236,-173.145,-13.553,-5.855,-3.317,-0.104
145.098,149.316,-34.471,4.370,-2.926,-0.246
-210.759,-35.907,-8.450,-0.730,3.451,-0.223
215.840,-114.630,5.677,-2.967,-5.952,0.153
121.081,-176.919,-25.855,-4.221,-2.645,-0.057
-10.227,-79.392,13.892,-2.568,0.060,0.085
98.181,229.040,-8.165,5.083,-1.546,-0.188
-181.724,-63.494,-7.703,-1.088,3.878,-0.032
52.725,76.200,15.392,0.597,-0.050,-0.016
-118.015,208.224,10.286,4.824,3.084,-0.075
-53.314,-96.488,-8.253,-1.857,0.782,0.010
136.053,-194.139,6.951,-9.881,-6.844,-0.091
3.211,256.504,39.131,4.847,-1.093,0.452
144.433,186.248,-15.692,4.842,-4.190,0.021
-51.193,30.807,50.199,0.044,0.325,0.082
165.130,-185.948,-2.162,-3.885,-2.872,0.159
-215.630,16.954,21.028,0.673,7.914,0.275
-31.163,-157.471,-0.850,-2.932,0.423,-0.098
-128.240,16.630,31.650,-0.284,2.019,0.299
167.233,55.861,-20.134,0.673,-2.664,0.043
1.301,-220.644,-17.200,-12.318,0.453,-0.017
-32.802,94.992,-32.550,0.342,0.152,-0.071
36.434,-238.060,9.686,-9.634,-1.360,0.926
-126.739,-202.459,-24.676,-5.431,2.387,-0.258
100.403,44.926,6.261,0.407,-2.857,-0.092
226.353,37.603,-13.995,0.520,-7.778,0.031
98.483,-69.202,72.160,-0.898,-2.304,0.084
-24.380,-206.040,10.168,-5.857,0.119,-0.221
-237.118,51.574,-26.124,1.151,5.857,-0.164
139.004,-58.649,-13.902,-1.116,-2.629,0.382
11.421,-191.524,-25.596,-2.907,0.063,-0.081
148.266,-182.925,12.235,-10.678,-8.892,-0.047
-97.003,224.515,-13.344,9.083,3.592,-0.091
112.179,-56.769,107.482,-0.531,-1.402,0.290
205.368,12.304,-21.052,0.188,-3.158,-0.154
86.553,48.453,-55.956,1.277,-0.260,0.171
203.278,0.064,18.272,-0.829,-5.498,0.366
-202.005,161.186,1.786,3.088,2.447,-0.008
69.303,193.193,-18.945,2.481,-0.656,0.501
-12.192,252.226,4.769,11.553,0.580,-0.093
153.957,-145.599,20.943,-3.919,-3.156,0.035
-79.708,-131.377,-60.335,-3.964,1.573,0.098
93.229,-114.583,54.015,-2.165,-2.081,0.202
147.701,-124.943,-7.748,-2.045,-2.644,-0.075
195.430,14.408,-25.651,-0.363,-5.313,-0.091
206.767,69.834,-2.301,6.512,-19.687,0.156
-171.822,-148.161,-1.445,-8.879,10.698,0.212
-18.084,-177.497,-100.885,-2.847,-0.185,-0.256
-73.600,-117.590,-110.905,-0.982,0.553,-0.127
92.658,70.738,-41.186,1.358,-0.953,0.074
106.140,-44.222,-51.757,-0.988,-2.289,0.290
-191.330,-142.363,-1.042,-7.273,9.862,0.121
72.497,-208.945,-30.007,-2.927,-0.929,-0.070
-102.074,185.639,-11.048,5.899,2.353,0.248
59.804,138.215,-59.759,3.333,-1.023,-0.241
-219.286,-71.344,-9.349,-2.954,5.664,0.169
-173.869,-49.709,-23.834,-1.111,5.200,0.333
-161.773,135.116,2.660,3.715,4.272,0.233
42.259,241.505,-10.853,5.810,-0.450,-0.222
108.725,-164.836,12.336,-3.796,-1.142,-0.662
63.965,120.448,25.327,3.383,-1.287,0.205
-100.567,-182.040,14.870,-4.892,3.747,-0.143
115.166,192.992,45.202,3.329,-2.586,0.046
68.523,60.552,41.391,1.465,-1.595,-0.495
-70.762,-228.339,-18.356,-8.363,2.390,-0.445
-227.142,56.040,-13.750,2.254,7.645,-0.114
16.666,-138.873,-17.948,-1.546,0.209,-0.128
-253.970,68.840,55.756,-0.208,3.859,-0.113
-28.627,156.541,6.372,3.995,1.505,-0.227
92.637,188.855,20.855,4.460,-2.387,-0.195
-232.235,-114.982,-14.228,-3.080,4.902,0.236
-47.714,-35.592,-58.428,-0.270,-0.154,-0.067
-180.649,64.794,2.876,2.096,5.907,0.051
-192.232,87.106,6.030,1.479,3.195,-0.167
-213.061,-84.771,0.675,-6.617,15.667,-0.209
87.697,-91.853,-64.004,-1.492,-0.919,-0.051
99.887,182.432,-36.953,5.360,-1.208,-0.764
165.425,119.779,10.029,2.903,-2.897,-0.091
164.830,46.177,-22.314,0.792,-2.362,0.185
84.810,-45.655,5.143,-0.668,-2.200,-0.459
-202.063,-55.186,-13.036,-0.090,3.155,0.022
-14.260,-89.939,64.021,-0.631,0.325,-0.158
219.167,-33.719,-1.332,-2.165,-14.621,0.113
161.155,156.872,15.453,7.081,-7.060,-0.071
134.678,-180.529,13.230,-8.899,-6.272,-0.013
-204.827,-84.829,-0.991,-8.125,20.357,-0.694
156.090,-92.426,10.836,-4.036,-5.620,0.183
-184.420,-71.954,-69.487,-1.992,3.161,0.578
-89.699,-137.898,8.769,-3.723,1.056,-0.138
-227.478,87.885,-10.974,2.972,9.220,0.298
-117.523,-196.501,15.949,-8.371,5.326,-0.011
113.121,181.137,-17.208,5.576,-3.977,0.334
-13.612,-181.399,-24.144,-4.750,0.856,0.198
82.175,0.857,7.437,-0.078,-0.355,-0.198
65.505,177.029,-24.393,4.409,-0.724,-0.018
-108.221,-114.860,-20.539,-1.154,1.846,-0.176
-14.535,-210.666,-18.227,-6.950,0.697,-0.162
-16.060,-132.639,30.810,-1.613,0.094,0.168
-50.067,220.171,0.554,5.810,1.323,-0.026
-141.569,-146.240,-22.372,-2.922,3.168,-0.571
-108.044,-198.782,31.172,-6.085,3.080,-0.106
214.198,59.215,4.310,3.025,-10.438,0.236
35.560,202.271,-4.172,4.803,-0.432,-0.107
-59.636,-21.297,71.737,-1.352,0.848,-0.097
157.897,59.133,-39.469,2.521,-4.306,-0.330
200.880,123.655,-4.416,6.779,-10.808,-0.262
170.618,119.926,-22.134,6.090,-7.913,-0.325
194.191,125.739,3.725,9.925,-14.340,0.419
-220.712,-15.178,54.407,-0.258,5.759,0.019
76.203,-190.959,-7.660,-6.927,-2.381,-0.128
120.816,-194.487,3.605,-9.289,-5.233,-0.025
189.349,-51.256,-41.990,-0.293,-3.631,-0.191
-158.167,67.995,4.102,1.894,3.719,-0.127
-51.164,177.493,-17.602,2.127,0.400,0.126
82.073,-160.859,-59.403,-3.969,-1.702,-0.145
-160.458,-175.160,-61.656,-1.130,1.174,-0.247
-253.550,-2.274,11.858,0.161,3.313,-0.056
178.266,-72.861,19.825,-0.233,-1.028,-0.350
55.694,-102.522,38.933,-1.909,-1.647,0.336
-172.710,-163.999,4.769,-9.589,10.373,-0.171
-54.661,164.492,6.214,3.104,1.873,-0.043
126.422,-187.793,-21.991,-6.690,-3.908,-0.459
0.392,-207.342,-7.374,-4.441,-1.143,-0.200
-57.579,-78.528,6.826,-0.385,0.537,0.003
-231.365,-76.720,-4.761,-2.850,9.551,0.102
129.282,111.705,-17.140,1.209,-1.484,-0.190
49.640,-69.842,38.904,-1.168,-1.223,-0.291
-126.601,155.725,-24.654,7.086,4.218,0.355
-7.648,222.996,46.718,7.719,0.221,0.697
160.673,188.763,7.555,4.508,-5.260,0.101
-208.934,23.137,-8.823,0.361,9.421,0.334
123.523,-193.128,9.380,-14.177,-8.244,-0.465
163.701,-101.263,-4.072,-2.352,-4.678,0.216
-3.710,227.958,-6.416,8.392,0.700,0.363
170.131,-59.525,-71.294,-1.499,-3.885,-0.296
-96.844,-80.948,-28.736,-0.191,2.081,0.154
110.981,-92.702,7.589,-2.189,-1.272,0.479
-137.526,-188.759,2.193,-4.288,2.421,0.012
-244.109,-64.564,-8.904,-1.625,8.899,-0.372
28.483,-153.852,35.361,-3.247,0.058,0.547
-149.299,-35.614,30.466,0.552,1.694,0.019
59.132,-235.548,4.572,-9.192,-2.553,0.050
-56.479,133.496,-4.574,3.055,1.628,0.348
178.001,-134.576,8.586,-6.783,-8.871,0.238
-79.600,-224.472,-44.295,-5.600,2.051,0.080
86.080,-78.477,-52.858,-1.554,-0.712,-0.125
17.382,-230.582,-0.783,-7.625,-1.069,-0.169
125.798,197.240,12.815,7.966,-5.169,-0.125
2.940,-240.450,9.829,-7.795,0.906,-0.093
119.312,195.158,16.628,6.724,-4.136,-0.029
62.969,-215.924,10.463,-10.262,-3.701,-0.343
56.493,199.562,24.162,8.500,-2.858,-0.338
-47.530,150.422,5.665,4.833,2.568,-0.058
108.029,198.676,-30.480,4.636,-3.786,-0.069
151.197,-68.705,-11.771,-1.100,-2.025,-0.086
186.040,162.718,31.323,4.239,-3.181,-0.086
89.831,-143.382,47.417,-2.397,-1.904,0.041
-122.880,174.123,-6.270,1.657,1.889,-0.007
-125.427,16.564,41.939,0.735,0.969,-0.407
108.912,-177.566,20.933,-3.591,-2.147,-0.380
-33.617,220.209,-16.342,6.533,1.335,0.541
90.966,230.184,6.117,7.249,-3.201,-0.112
-257.951,-54.928,-10.444,-1.450,4.000,0.413
-207.691,-96.990,-45.922,-2.513,2.720,-0.090
-79.528,-142.009,19.776,-0.796,0.864,-0.074
-127.931,147.913,39.449,2.065,1.559,-0.191
-227.524,-116.960,6.618,-2.677,5.588,-0.018
56.138,235.348,-6.241,7.919,-1.836,0.026
-104.025,214.099,6.565,6.346,3.599,0.328
-23.833,225.287,2.094,17.640,2.039,0.751
-165.917,150.585,17.858,4.130,4.898,0.774
-233.407,-55.754,3.705,-1.840,6.310,0.076
-157.562,11.761,-8.451,1.808,1.884,-0.021
-175.596,27.326,-30.007,0.320,0.966,-0.095
3.160,72.669,23.030,0.281,-0.272,0.013
80.064,222.095,-22.273,3.562,-2.441,0.021
61.205,140.397,19.294,1.622,-0.420,-0.009
159.235,165.350,4.028,12.591,-12.255,0.268
-170.219,-164.327,9.622,-8.602,7.853,-0.130
25.686,-35.238,15.749,-0.687,-1.035,0.022
-25.168,-122.725,-8.959,-0.371,0.194,-0.063
81.660,-158.445,-0.437,-2.878,-0.706,0.032
-73.595,205.690,35.581,2.945,1.579,0.146
225.889,21.434,-63.949,0.739,-5.702,-0.068
100.681,-46.346,-3.928,-0.540,-1.307,-0.185
158.816,121.090,16.931,3.899,-5.401,0.218
-188.866,159.856,-2.132,5.734,6.245,-0.035
224.896,130.247,46.002,2.541,-4.787,0.145
186.356,103.822,-17.378,6.612,-10.891,0.379
134.582,174.304,-22.488,8.041,-4.973,0.540
19.847,-118.570,47.630,-0.825,-0.382,-0.121
49.217,140.089,101.965,1.616,-1.180,-0.060
2.353,103.711,-13.154,0.395,-0.063,0.094
192.602,-150.690,9.449,-6.213,-8.529,0.142
-11.601,-227.852,6.340,-12.625,0.651,0.123
-239.636,31.852,-15.230,0.764,8.687,-0.497
93.533,9.965,-87.958,0.125,-1.626,0.048
-3.647,223.134,-2.483,21.372,0.218,0.323
-51.508,-8.912,21.659,-0.877,-0.618,0.011
11.034,-223.008,4.614,-10.061,-0.599,0.285
-106.390,-57.282,44.377,-1.194,2.688,-0.003
-159.419,173.293,-4.126,3.712,4.389,0.223
10.417,-102.556,17.479,-0.602,-0.748,0.190
193.347,-83.324,11.253,-2.763,-7.016,0.149
-42.084,-226.091,-19.148,-6.700,1.557,-0.723
-156.365,105.069,1.116,0.938,2.171,0.066
244.043,-10.334,17.505,-0.298,-6.388,0.034
25.274,242.295,-9.695,6.576,-0.518,0.041
-61.922,95.023,-32.609,1.021,1.581,-0.036
-129.404,144.450,-0.699,4.166,3.902,-0.006
240.175,101.335,-4.165,0.963,-2.998,-0.212
24.915,203.192,-18.111,4.879,0.449,0.046
74.482,229.456,3.582,7.952,-2.912,0.353
187.973,54.729,41.303,0.342,-3.780,-0.320
107.853,-94.423,66.970,-1.540,-2.044,-0.185
148.717,11.949,-59.273,-0.065,-1.181,0.160
229.204,40.745,5.465,1.412,-7.275,-0.121
-131.687,-166.369,3.915,-3.719,2.874,0.199
-203.322,-59.510,3.287,-2.884,11.493,0.029
-200.083,-119.072,26.108,-3.061,4.614,0.179
176.450,111.122,-10.264,3.255,-4.991,0.188
18.941,121.769,55.575,1.732,0.113,-0.023
149.786,-67.250,-36.503,-1.217,-1.036,-0.511
-108.621,94.862,13.644,1.440,3.072,0.043
201.248,51.082,-106.514,0.864,-1.757,-0.257
37.232,-86.123,-8.345,-0.475,-0.068,-0.494
184.207,108.732,0.591,4.715,-6.785,-0.284
-135.039,-137.346,-8.818,-2.637,3.166,-0.223
-58.478,23.886,-23.514,1.078,-0.301,-0.087
99.654,198.190,53.678,2.076,-0.859,-0.357
-14.198,-101.832,-29.831,-1.458,-0.095,0.158
21.823,197.198,34.986,5.160,0.161,0.616
-133.974,-141.384,-28.199,-4.123,4.749,-0.023
-47.685,-170.331,9.791,-4.490,1.582,-0.406
199.039,10.526,38.474,0.826,-3.873,-0.158
-151.680,-86.388,14.710,-1.279,3.657,-0.068
234.463,72.497,-3.616,2.267,-6.279,-0.143
205.716,11.360,-19.107,-0.124,-4.575,0.156
-100.811,-207.830,39.013,-5.168,2.293,-0.130
-72.027,84.362,-72.501,1.309,1.162,0.049
-182.997,-123.751,-24.009,-3.636,3.418,-0.265
209.064,-58.926,-16.859,-1.369,-3.085,-0.128
128.791,139.871,7.924,2.598,-1.869,-0.131
178.587,131.662,-46.004,1.758,-2.109,0.017
190.722,-40.274,24.962,-2.225,-4.195,0.336
19.546,-246.245,24.270,-8.038,0.599,0.799
206.508,97.038,-4.554,7.420,-15.830,-0.372
159.155,109.198,33.415,2.784,-1.763,0.407
-20.991,219.886,-35.177,4.636,0.811,0.016
118.543,94.855,25.748,0.897,-1.413,-0.099
164.641,140.629,-28.387,4.410,-5.916,-0.187
188.068,-102.462,-13.774,-2.874,-5.424,-0.140
163.564,75.350,19.011,1.007,-3.594,0.239
231.766,55.925,3.567,2.361,-9.522,0.286
175.817,154.008,11.908,10.418,-10.295,-0.233
157.567,181.926,-41.303,5.932,-4.113,-0.443
94.199,123.317,-66.811,3.052,-0.542,0.816
106.969,-145.443,34.394,-3.900,-3.184,0.211
-135.874,-228.359,-3.779,-5.557,3.169,0.358
162.449,164.836,31.176,4.671,-3.967,0.065
-23.782,161.641,12.703,2.835,0.528,-0.351
-135.289,105.670,31.387,0.939,2.588,-0.059
-107.647,235.750,22.997,4.406,2.057,-0.043
135.489,182.701,-9.456,3.381,-3.122,0.037
-187.724,36.523,13.029,0.577,1.017,-0.105
90.614,29.408,19.049,1.739,-1.693,0.571
76.205,6.290,-12.989,-0.383,-1.119,-0.199
-208.707,-20.983,-39.608,-0.621,7.072,-0.165
83.714,214.069,3.767,10.244,-4.304,-0.214
54.197,-107.449,11.992,-2.024,0.289,0.379
157.951,-131.822,36.426,-1.328,-3.259,-0.332
157.745,176.094,23.495,6.417,-5.417,0.508
137.206,-210.238,-1.132,-6.494,-4.039,-0.266
79.227,-127.673,-0.488,-3.045,-1.118,0.355
-9.950,205.834,13.997,2.976,-0.515,0.182
-71.676,226.238,-0.939,4.293,1.230,0.038
-64.344,-203.017,24.294,-3.264,0.400,0.020
65.358,232.505,17.621,6.281,-1.146,-0.211
-256.395,31.889,61.853,0.135,4.200,0.308
142.758,-3.227,-13.857,0.337,-2.063,-0.134
-126.193,-209.541,-27.583,-7.668,4.397,-0.052
104.845,224.713,8.597,8.822,-2.673,0.162
-89.780,99.912,-3.249,2.679,2.345,0.122
128.660,-143.476,6.221,-4.551,-5.562,-0.006
-91.458,120.673,-13.974,0.958,1.676,0.121
135.952,-151.033,-5.769,-3.823,-3.683,-0.159
1.082,177.691,18.948,4.281,-0.042,0.127
106.361,-15.910,-39.558,-0.837,-2.095,0.016
-26.902,14.273,91.447,0.453,0.199,0.273
211.155,-34.901,2.312,-2.587,-12.166,-0.075
-172.480,8.627,-9.875,0.892,3.559,0.429
44.460,-191.099,-3.092,-4.857,-2.073,-0.301
134.234,190.801,-7.424,12.402,-8.427,0.017
152.814,31.841,-0.006,1.319,-2.034,-0.329
-70.745,107.467,39.150,1.016,1.211,-0.464
-153.939,27.551,-32.862,0.006,1.301,-0.018
103.322,-199.045,-1.936,-6.634,-3.894,0.170
-70.865,164.982,-9.935,3.613,1.115,0.114
-156.107,158.350,9.692,5.421,4.367,0.031
-143.301,-110.501,23.418,-3.157,3.821,-0.220
138.487,156.901,-8.658,6.832,-6.049,0.033
153.169,-143.103,-4.475,-3.835,-4.261,-0.097
27.079,221.893,0.229,18.662,-2.365,0.113
-0.109,168.116,-32.308,3.970,-0.559,0.044
210.165,-3.783,-67.269,-0.218,-4.544,0.170
80.145,-64.587,-41.853,-0.205,-0.743,0.050
234.520,-54.234,-3.837,-2.961,-13.261,-0.024
-72.179,170.468,-11.707,3.248,0.851,0.269
85.802,213.324,-4.099,11.486,-4.340,0.050
-123.662,-201.466,-7.203,-5.287,4.185,0.085
187.720,87.443,-11.855,1.420,-3.655,-0.036
108.943,-227.182,-3.606,-7.823,-3.109,-0.022
-8.421,207.767,11.083,5.828,0.053,-0.098
216.323,79.696,8.037,3.493,-10.077,0.005
169.331,-96.927,20.274,-2.085,-2.407,0.043
188.259,-51.072,-4.781,-1.210,-4.595,-0.086
-207.603,-167.165,8.958,-5.133,6.250,0.138
-137.779,-53.056,-2.314,-0.683,2.481,0.310
-87.910,-183.569,33.452,-1.630,0.413,0.184
9.312,-161.808,-41.651,-3.401,0.683,-0.195
82.875,-169.766,12.686,-3.490,-2.133,-0.103
-129.903,206.548,-15.506,10.339,6.765,-0.172
-37.755,238.511,-2.309,10.187,1.986,0.056
-209.910,-53.117,-17.801,-1.949,6.206,0.421
182.883,136.980,9.764,6.498,-8.343,0.032
87.729,151.367,-15.622,4.222,-2.503,0.433
-12.911,114.525,-26.796,1.155,0.293,-0.197
-15.475,71.163,-3.337,0.606,0.532,0.019
-13.095,130.227,-51.397,1.947,0.655,-0.046
-37.756,171.901,-75.209,3.149,-0.204,-0.188
190.561,-118.609,-1.579,-11.621,-19.148,0.330
45.139,151.515,51.928,2.292,-1.503,-0.159
-182.389,-161.506,18.051,-4.283,5.093,0.166
68.247,145.564,25.963,2.763,-1.225,-0.091
163.320,164.604,0.491,4.920,-5.664,-0.249
-64.463,-173.915,6.586,-2.169,1.125,0.364
178.117,-153.366,-2.826,-6.952,-8.006,-0.114
216.200,-2.934,-17.416,-0.163,-8.819,-0.178
166.729,155.396,-17.831,4.320,-3.648,0.295
205.908,113.431,-2.834,6.396,-11.863,0.120
-235.820,9.570,0.500,-0.132,14.075,0.009
-193.641,2.735,-32.431,-0.607,6.100,0.204
-248.353,-65.408,-20.066,-0.966,6.783,-0.065
-173.432,-149.175,-5.160,-9.500,10.584,-0.224
-189.343,108.469,-11.779,2.680,4.490,-0.034
-45.468,-84.721,-36.252,-0.985,0.793,-0.572
22.300,-118.664,18.155,-2.492,0.155,0.083
-181.059,-68.862,0.885,-0.936,4.500,0.036
69.060,117.366,25.442,2.604,-0.432,-0.174
93.304,38.111,-80.308,1.091,-1.385,-0.015
168.600,116.273,11.179,3.858,-5.412,-0.701
64.021,64.868,9.377,1.372,-0.403,0.329
-124.702,-13.675,-30.944,-0.180,0.844,-0.154
197.738,153.978,-13.766,3.765,-4.235,-0.225
199.351,112.249,-38.559,1.655,-3.457,-0.324
-120.976,-187.170,-48.175,-2.949,1.874,0.265
2.449,-218.143,24.542,-4.616,-1.253,-0.131
-80.536,40.893,54.512,0.896,1.008,0.028
50.914,-196.492,-3.197,-5.526,-1.688,-0.005
-57.041,132.441,73.545,1.374,1.973,0.144
44.519,-80.428,71.479,-0.781,-1.552,0.105
-215.185,63.384,-12.117,1.469,7.448,0.177
143.832,189.341,-40.226,3.004,-3.108,0.153
-174.388,156.030,-15.091,9.061,9.568,0.568
-203.132,-49.486,6.092,-2.127,8.821,0.701
105.532,152.379,25.512,1.296,-0.912,-0.150
-141.586,138.890,-2.764,1.669,2.581,-0.269
-89.235,202.715,17.521,6.312,3.718,-0.184
-201.600,73.260,36.166,0.661,4.028,0.190
